name,code,url,png,svg
Almacén 42,ALMACEN-42,https://www.indaga.site/2026/t/ALMACEN-42,png/ALMACEN-42.png,svg/ALMACEN-42.svg
Aparato,APARATO,https://www.indaga.site/2026/t/APARATO,png/APARATO.png,svg/APARATO.svg
Arde Arte,ARDE-ARTE,https://www.indaga.site/2026/t/ARDE-ARTE,png/ARDE-ARTE.png,svg/ARDE-ARTE.svg
Asamblea,ASAMBLEA,https://www.indaga.site/2026/t/ASAMBLEA,png/ASAMBLEA.png,svg/ASAMBLEA.svg
Bar 1900,BAR-1900,https://www.indaga.site/2026/t/BAR-1900,png/BAR-1900.png,svg/BAR-1900.svg
Barvin,BARVIN,https://www.indaga.site/2026/t/BARVIN,png/BARVIN.png,svg/BARVIN.svg
Belmonte,BELMONTE,https://www.indaga.site/2026/t/BELMONTE,png/BELMONTE.png,svg/BELMONTE.svg
Bengala,BENGALA,https://www.indaga.site/2026/t/BENGALA,png/BENGALA.png,svg/BENGALA.svg
Bienteveo,BIENTEVEO,https://www.indaga.site/2026/t/BIENTEVEO,png/BIENTEVEO.png,svg/BIENTEVEO.svg
Blum Café,BLUM-CAFE,https://www.indaga.site/2026/t/BLUM-CAFE,png/BLUM-CAFE.png,svg/BLUM-CAFE.svg
Borrados Destilería,BORRADOS-DESTILERIA,https://www.indaga.site/2026/t/BORRADOS-DESTILERIA,png/BORRADOS-DESTILERIA.png,svg/BORRADOS-DESTILERIA.svg
Café Esotérico,CAFE-ESOTERICO,https://www.indaga.site/2026/t/CAFE-ESOTERICO,png/CAFE-ESOTERICO.png,svg/CAFE-ESOTERICO.svg
Café Limón,CAFE-LIMON,https://www.indaga.site/2026/t/CAFE-LIMON,png/CAFE-LIMON.png,svg/CAFE-LIMON.svg
Casa Vernácula,CASA-VERNACULA,https://www.indaga.site/2026/t/CASA-VERNACULA,png/CASA-VERNACULA.png,svg/CASA-VERNACULA.svg
Cervecería Fausto,CERVECERIA-FAUSTO,https://www.indaga.site/2026/t/CERVECERIA-FAUSTO,png/CERVECERIA-FAUSTO.png,svg/CERVECERIA-FAUSTO.svg
Coffee with Aliens,COFFEE-WITH-ALIENS,https://www.indaga.site/2026/t/COFFEE-WITH-ALIENS,png/COFFEE-WITH-ALIENS.png,svg/COFFEE-WITH-ALIENS.svg
Comando Café,COMANDO-CAFE,https://www.indaga.site/2026/t/COMANDO-CAFE,png/COMANDO-CAFE.png,svg/COMANDO-CAFE.svg
Crack Coffee Lab,CRACK-COFFEE-LAB,https://www.indaga.site/2026/t/CRACK-COFFEE-LAB,png/CRACK-COFFEE-LAB.png,svg/CRACK-COFFEE-LAB.svg
Cuadrochico Café,CUADROCHICO-CAFE,https://www.indaga.site/2026/t/CUADROCHICO-CAFE,png/CUADROCHICO-CAFE.png,svg/CUADROCHICO-CAFE.svg
Cuarto de Servicio,CUARTO-DE-SERVICIO,https://www.indaga.site/2026/t/CUARTO-DE-SERVICIO,png/CUARTO-DE-SERVICIO.png,svg/CUARTO-DE-SERVICIO.svg
Fortuita,FORTUITA,https://www.indaga.site/2026/t/FORTUITA,png/FORTUITA.png,svg/FORTUITA.svg
Galería Arte Actual,GALERIA-ARTE-ACTUAL,https://www.indaga.site/2026/t/GALERIA-ARTE-ACTUAL,png/GALERIA-ARTE-ACTUAL.png,svg/GALERIA-ARTE-ACTUAL.svg
Galería Gotxikoa,GALERIA-GOTXIKOA,https://www.indaga.site/2026/t/GALERIA-GOTXIKOA,png/GALERIA-GOTXIKOA.png,svg/GALERIA-GOTXIKOA.svg
Gargantúa,GARGANTUA,https://www.indaga.site/2026/t/GARGANTUA,png/GARGANTUA.png,svg/GARGANTUA.svg
Jabalina,JABALINA,https://www.indaga.site/2026/t/JABALINA,png/JABALINA.png,svg/JABALINA.svg
Jun Café,JUN-CAFE,https://www.indaga.site/2026/t/JUN-CAFE,png/JUN-CAFE.png,svg/JUN-CAFE.svg
Las Dunas Record Café,LAS-DUNAS-RECORD-CAFE,https://www.indaga.site/2026/t/LAS-DUNAS-RECORD-CAFE,png/LAS-DUNAS-RECORD-CAFE.png,svg/LAS-DUNAS-RECORD-CAFE.svg
Liminal 904,LIMINAL-904,https://www.indaga.site/2026/t/LIMINAL-904,png/LIMINAL-904.png,svg/LIMINAL-904.svg
Marne Galería,MARNE-GALERIA,https://www.indaga.site/2026/t/MARNE-GALERIA,png/MARNE-GALERIA.png,svg/MARNE-GALERIA.svg
MAUT,MAUT,https://www.indaga.site/2026/t/MAUT,png/MAUT.png,svg/MAUT.svg
Maverick,MAVERICK,https://www.indaga.site/2026/t/MAVERICK,png/MAVERICK.png,svg/MAVERICK.svg
Memo Local,MEMO-LOCAL,https://www.indaga.site/2026/t/MEMO-LOCAL,png/MEMO-LOCAL.png,svg/MEMO-LOCAL.svg
Montecoyote,MONTECOYOTE,https://www.indaga.site/2026/t/MONTECOYOTE,png/MONTECOYOTE.png,svg/MONTECOYOTE.svg
Music Lab,MUSIC-LAB,https://www.indaga.site/2026/t/MUSIC-LAB,png/MUSIC-LAB.png,svg/MUSIC-LAB.svg
Nodriza Estudio,NODRIZA-ESTUDIO,https://www.indaga.site/2026/t/NODRIZA-ESTUDIO,png/NODRIZA-ESTUDIO.png,svg/NODRIZA-ESTUDIO.svg
Pánuco Coffee Bar,PANUCO-COFFEE-BAR,https://www.indaga.site/2026/t/PANUCO-COFFEE-BAR,png/PANUCO-COFFEE-BAR.png,svg/PANUCO-COFFEE-BAR.svg
Punto y Coma,PUNTO-Y-COMA,https://www.indaga.site/2026/t/PUNTO-Y-COMA,png/PUNTO-Y-COMA.png,svg/PUNTO-Y-COMA.svg
Ray Bar,RAY-BAR,https://www.indaga.site/2026/t/RAY-BAR,png/RAY-BAR.png,svg/RAY-BAR.svg
Regular,REGULAR,https://www.indaga.site/2026/t/REGULAR,png/REGULAR.png,svg/REGULAR.svg
Saxy,SAXY,https://www.indaga.site/2026/t/SAXY,png/SAXY.png,svg/SAXY.svg
Sitio Centro,SITIO-CENTRO,https://www.indaga.site/2026/t/SITIO-CENTRO,png/SITIO-CENTRO.png,svg/SITIO-CENTRO.svg
Suculenta Fondita Cultural,SUCULENTA-FONDITA-CULTURAL,https://www.indaga.site/2026/t/SUCULENTA-FONDITA-CULTURAL,png/SUCULENTA-FONDITA-CULTURAL.png,svg/SUCULENTA-FONDITA-CULTURAL.svg
Taller 10/10,TALLER-1010,https://www.indaga.site/2026/t/TALLER-1010,png/TALLER-1010.png,svg/TALLER-1010.svg
Triana,TRIANA,https://www.indaga.site/2026/t/TRIANA,png/TRIANA.png,svg/TRIANA.svg
Trópico Market,TROPICO-MARKET,https://www.indaga.site/2026/t/TROPICO-MARKET,png/TROPICO-MARKET.png,svg/TROPICO-MARKET.svg
Uncultured Press,UNCULTURED,https://www.indaga.site/2026/t/UNCULTURED,png/UNCULTURED.png,svg/UNCULTURED.svg
Vernáculo,VERNACULO,https://www.indaga.site/2026/t/VERNACULO,png/VERNACULO.png,svg/VERNACULO.svg
Yokot'an,YOKOTAN,https://www.indaga.site/2026/t/YOKOTAN,png/YOKOTAN.png,svg/YOKOTAN.svg
Zig Zag,ZIG-ZAG,https://www.indaga.site/2026/t/ZIG-ZAG,png/ZIG-ZAG.png,svg/ZIG-ZAG.svg
